{
    "resources": [
        {
            "name": "img/LOGOV6.jpg"
        },
        {
            "name": "controller/informeJunta/generarInformeJunta.controller.js"
        },
        {
            "name": "controller/informeJunta/redondeoCifras.controller.js"
        },
        {
            "name": "controller/informeJunta/parametrizacion.controller.js"
        },
        {
            "name": "manifest.json"
        },
        {
            "name": "controller/informeJunta/comentariosGenerales.controller.js"
        },
        {
            "name": "controller/informeJunta/comentariosAreas.controller.js"
        },
        {
            "name": "controller/informeJunta/cargueInicial.controller.js"
        },
        {
            "name": "controller/PrConso_EstFinancieros/Reportes.controller.js"
        },
        {
            "name": "controller/PrConso_EstFinancieros/MainViewEstFinanciero.controller.js"
        },
        {
            "name": "controller/PrConso_EstFinancieros/Consolidacion.controller.js"
        },
        {
            "name": "controller/PrConso_EstFinancieros/Conciliacion.controller.js"
        },
        {
            "name": "controller/PrConso_EstFinancieros/CargaDatos.controller.js"
        },
        {
            "name": "controller/PrConso_EstFinancieros/Administracion.controller.js"
        },
        {
            "name": "model/models.js"
        },
        {
            "name": "controller/root.controller.js"
        },
        {
            "name": "controller/reportesFinancieros.controller.js"
        },
        {
            "name": "controller/mainMenu.controller.js"
        },
        {
            "name": "controller/login.controller.js"
        },
        {
            "name": "controller/estadosFinancieros.controller.js"
        },
        {
            "name": "controller/UnlockUser.controller.js"
        },
        {
            "name": "controller/Proceso_Consolidacion.controller.js"
        },
        {
            "name": "controller/NotasFinancieros2.controller.js"
        },
        {
            "name": "controller/NotasFinancieros.controller.js"
        },
        {
            "name": "controller/NotasConsolidadas.controller.js"
        },
        {
            "name": "controller/InformesValorem.controller.js"
        },
        {
            "name": "controller/InformesCaracol.controller.js"
        },
        {
            "name": "controller/InformeJunta.controller.js"
        },
        {
            "name": "controller/IndicadoresFinancieros.controller.js"
        },
        {
            "name": "controller/GenerarFinal.controller.js"
        },
        {
            "name": "controller/GenerarConcepto.controller.js"
        },
        {
            "name": "controller/CambiarClave.controller.js"
        },
        {
            "name": "Component.js"
        },
        {
            "name": "manifest-bundle.zip"
        },
        {
            "name": "Component-preload.js",
            "merged": true
        },
        {
            "name": "controller/informeJunta/parametrizacion-dbg.controller.js",
            "isDebug": true
        },
        {
            "name": "controller/informeJunta/redondeoCifras-dbg.controller.js",
            "isDebug": true
        },
        {
            "name": "controller/informeJunta/generarInformeJunta-dbg.controller.js",
            "isDebug": true
        },
        {
            "name": "controller/informeJunta/comentariosGenerales-dbg.controller.js",
            "isDebug": true
        },
        {
            "name": "controller/informeJunta/comentariosAreas-dbg.controller.js",
            "isDebug": true
        },
        {
            "name": "controller/informeJunta/cargueInicial-dbg.controller.js",
            "isDebug": true
        },
        {
            "name": "controller/PrConso_EstFinancieros/Reportes-dbg.controller.js",
            "isDebug": true
        },
        {
            "name": "controller/PrConso_EstFinancieros/MainViewEstFinanciero-dbg.controller.js",
            "isDebug": true
        },
        {
            "name": "controller/PrConso_EstFinancieros/Consolidacion-dbg.controller.js",
            "isDebug": true
        },
        {
            "name": "controller/PrConso_EstFinancieros/Conciliacion-dbg.controller.js",
            "isDebug": true
        },
        {
            "name": "controller/PrConso_EstFinancieros/CargaDatos-dbg.controller.js",
            "isDebug": true
        },
        {
            "name": "controller/PrConso_EstFinancieros/Administracion-dbg.controller.js",
            "isDebug": true
        },
        {
            "name": "model/models-dbg.js",
            "isDebug": true
        },
        {
            "name": "controller/root-dbg.controller.js",
            "isDebug": true
        },
        {
            "name": "controller/reportesFinancieros-dbg.controller.js",
            "isDebug": true
        },
        {
            "name": "controller/mainMenu-dbg.controller.js",
            "isDebug": true
        },
        {
            "name": "controller/login-dbg.controller.js",
            "isDebug": true
        },
        {
            "name": "controller/estadosFinancieros-dbg.controller.js",
            "isDebug": true
        },
        {
            "name": "controller/UnlockUser-dbg.controller.js",
            "isDebug": true
        },
        {
            "name": "controller/Proceso_Consolidacion-dbg.controller.js",
            "isDebug": true
        },
        {
            "name": "controller/NotasFinancieros2-dbg.controller.js",
            "isDebug": true
        },
        {
            "name": "controller/NotasFinancieros-dbg.controller.js",
            "isDebug": true
        },
        {
            "name": "controller/NotasConsolidadas-dbg.controller.js",
            "isDebug": true
        },
        {
            "name": "controller/InformesValorem-dbg.controller.js",
            "isDebug": true
        },
        {
            "name": "controller/InformesCaracol-dbg.controller.js",
            "isDebug": true
        },
        {
            "name": "controller/InformeJunta-dbg.controller.js",
            "isDebug": true
        },
        {
            "name": "controller/IndicadoresFinancieros-dbg.controller.js",
            "isDebug": true
        },
        {
            "name": "controller/GenerarFinal-dbg.controller.js",
            "isDebug": true
        },
        {
            "name": "controller/GenerarConcepto-dbg.controller.js",
            "isDebug": true
        },
        {
            "name": "controller/CambiarClave-dbg.controller.js",
            "isDebug": true
        },
        {
            "name": "Component-dbg.js",
            "isDebug": true
        },
        {
            "name": "../../sap-ui-version.json"
        },
        {
            "name": "view/informeJunta/redondeoCifras.view.xml"
        },
        {
            "name": "view/informeJunta/parametrizacion.view.xml"
        },
        {
            "name": "view/informeJunta/generarInformeJunta.view.xml"
        },
        {
            "name": "view/informeJunta/comentariosGenerales.view.xml"
        },
        {
            "name": "view/informeJunta/comentariosAreas.view.xml"
        },
        {
            "name": "view/informeJunta/cargueInicial.view.xml"
        },
        {
            "name": "view/PrConso_EstFinancieros/Reportes.view.xml"
        },
        {
            "name": "view/PrConso_EstFinancieros/MainViewEstFinanciero.view.xml"
        },
        {
            "name": "view/PrConso_EstFinancieros/Consolidacion.view.xml"
        },
        {
            "name": "view/PrConso_EstFinancieros/Conciliacion.view.xml"
        },
        {
            "name": "view/PrConso_EstFinancieros/CargaDatos.view.xml"
        },
        {
            "name": "view/PrConso_EstFinancieros/Administracion.view.xml"
        },
        {
            "name": "view/root.view.html"
        },
        {
            "name": "view/reportesFinancieros.view.xml"
        },
        {
            "name": "view/mainMenu.view.xml"
        },
        {
            "name": "view/login.view.html"
        },
        {
            "name": "view/estadosFinancieros.view.xml"
        },
        {
            "name": "view/UnlockUser.view.html"
        },
        {
            "name": "view/Proceso_Consolidacion.view.xml"
        },
        {
            "name": "view/NotasFinancieros2.view.xml"
        },
        {
            "name": "view/NotasFinancieros.view.xml"
        },
        {
            "name": "view/NotasConsolidadas.view.xml"
        },
        {
            "name": "view/InformesValorem.view.xml"
        },
        {
            "name": "view/InformesCaracol.view.xml"
        },
        {
            "name": "view/InformeJunta.view.xml"
        },
        {
            "name": "view/IndicadoresFinancieros.view.xml"
        },
        {
            "name": "view/GenerarFinal.view.xml"
        },
        {
            "name": "view/GenerarConcepto.view.xml"
        },
        {
            "name": "view/CambiarClave.view.html"
        },
        {
            "name": "img/valorem_icon.png"
        },
        {
            "name": "img/carrousel2.png"
        },
        {
            "name": "img/carrousel.png"
        },
        {
            "name": "img/analitica_grande.png"
        },
        {
            "name": "img/analitica.png"
        },
        {
            "name": "img/LOGOV7.png"
        },
        {
            "name": "i18n/i18n.properties",
            "raw": "i18n/i18n.properties"
        },
        {
            "name": "img/LOGOV1.jpg"
        },
        {
            "name": "css/style.css"
        },
        {
            "name": "index.html"
        }
    ]
}