{
  "controller/UnlockUser.controller.js": 1657144511246,
  "controller/NotasFinancieros.controller.js": 1657144511218,
  "controller/informeJunta/redondeoCifras.controller.js": 1657144511206,
  "controller/informeJunta/parametrizacion.controller.js": 1657144511206,
  "controller/informeJunta/generarInformeJunta.controller.js": 1657144511186,
  "controller/informeJunta/comentariosGenerales.controller.js": 1657144511178,
  "controller/informeJunta/comentariosAreas.controller.js": 1657144511150,
  "controller/informeJunta/cargueInicial.controller.js": 1657144511178,
  "controller/PrConso_EstFinancieros/Reportes.controller.js": 1657144433597,
  "controller/PrConso_EstFinancieros/MainViewEstFinanciero.controller.js": 1654123756571,
  "controller/PrConso_EstFinancieros/Consolidacion.controller.js": 1657144433485,
  "controller/PrConso_EstFinancieros/Conciliacion.controller.js": 1657144433485,
  "controller/PrConso_EstFinancieros/CargaDatos.controller.js": 1657144433309,
  "controller/PrConso_EstFinancieros/Administracion.controller.js": 1657144432889,
  "controller/PlaneacionFinanciera/PlaneacionFinancieraJunta.controller.js": 1657144406325,
  "controller/PlaneacionFinanciera/PlaneacionFinancieraEva.controller.js": 1657144406321,
  "controller/PlaneacionFinanciera/PlaneacionFinanciera.controller.js": 1657063501378,
  "controller/Koba/OtrosKobaMm.controller.js": 1657144406741,
  "controller/Koba/OtrosKobaFi.controller.js": 1657144406729,
  "controller/Koba/OtrosKoba.controller.js": 1657065710333,
  "model/models.js": 1654123222650,
  "controller/root.controller.js": 1654123619334,
  "controller/reportesFinancieros.controller.js": 1657144511238,
  "controller/mainMenu.controller.js": 1657144511214,
  "controller/login.controller.js": 1657144511214,
  "controller/estadosFinancieros.controller.js": 1657144511150,
  "i18n/i18n.properties": 1656547421315,
  "controller/Proceso_Consolidacion.controller.js": 1654123619326,
  "controller/NotasFinancieros2.controller.js": 1657144433305,
  "manifest.json": 1657144591197,
  "controller/NotasConsolidadas.controller.js": 1657144406825,
  "controller/InformesValorem.controller.js": 1657144406309,
  "controller/InformesCaracol.controller.js": 1654123619270,
  "controller/InformeJunta.controller.js": 1657144511186,
  "controller/IndicadoresFinancieros.controller.js": 1657144511174,
  "controller/GenerarFinal.controller.js": 1657144511150,
  "controller/GenerarConcepto.controller.js": 1657144511150,
  "controller/CambiarClave.controller.js": 1657144228639,
  "Component.js": 1654123220210,
  "manifest-bundle.zip": 1657144589775,
  "Component-preload.js": 1657144590932,
  "controller/Koba/OtrosKobaFi-dbg.controller.js": 1657144406729,
  "controller/informeJunta/parametrizacion-dbg.controller.js": 1657144511206,
  "controller/informeJunta/generarInformeJunta-dbg.controller.js": 1657144511186,
  "controller/informeJunta/comentariosGenerales-dbg.controller.js": 1657144511178,
  "controller/informeJunta/comentariosAreas-dbg.controller.js": 1657144511150,
  "controller/informeJunta/cargueInicial-dbg.controller.js": 1657144511178,
  "controller/PrConso_EstFinancieros/Reportes-dbg.controller.js": 1657144433597,
  "controller/PrConso_EstFinancieros/MainViewEstFinanciero-dbg.controller.js": 1654123756571,
  "controller/PrConso_EstFinancieros/Consolidacion-dbg.controller.js": 1657144433485,
  "controller/PrConso_EstFinancieros/Conciliacion-dbg.controller.js": 1657144433485,
  "controller/PrConso_EstFinancieros/CargaDatos-dbg.controller.js": 1657144433309,
  "controller/PrConso_EstFinancieros/Administracion-dbg.controller.js": 1657144432889,
  "controller/PlaneacionFinanciera/PlaneacionFinancieraJunta-dbg.controller.js": 1657144406325,
  "controller/PlaneacionFinanciera/PlaneacionFinancieraEva-dbg.controller.js": 1657144406321,
  "controller/PlaneacionFinanciera/PlaneacionFinanciera-dbg.controller.js": 1657063501378,
  "controller/Koba/OtrosKobaMm-dbg.controller.js": 1657144406741,
  "controller/informeJunta/redondeoCifras-dbg.controller.js": 1657144511206,
  "controller/Koba/OtrosKoba-dbg.controller.js": 1657065710333,
  "model/models-dbg.js": 1654123222650,
  "controller/root-dbg.controller.js": 1654123619334,
  "controller/reportesFinancieros-dbg.controller.js": 1657144511238,
  "controller/mainMenu-dbg.controller.js": 1657144511214,
  "controller/login-dbg.controller.js": 1657144511214,
  "controller/estadosFinancieros-dbg.controller.js": 1657144511150,
  "controller/UnlockUser-dbg.controller.js": 1657144511246,
  "controller/Proceso_Consolidacion-dbg.controller.js": 1654123619326,
  "controller/NotasFinancieros2-dbg.controller.js": 1657144433305,
  "controller/NotasFinancieros-dbg.controller.js": 1657144511218,
  "controller/NotasConsolidadas-dbg.controller.js": 1657144406825,
  "controller/InformesValorem-dbg.controller.js": 1657144406309,
  "controller/InformesCaracol-dbg.controller.js": 1654123619270,
  "controller/InformeJunta-dbg.controller.js": 1657144511186,
  "controller/IndicadoresFinancieros-dbg.controller.js": 1657144511174,
  "controller/GenerarFinal-dbg.controller.js": 1657144511150,
  "controller/GenerarConcepto-dbg.controller.js": 1657144511150,
  "controller/CambiarClave-dbg.controller.js": 1657144228639,
  "Component-dbg.js": 1654123220210,
  "resources.json": 1657144591206,
  "view/informeJunta/redondeoCifras.view.xml": 1654123443264,
  "view/informeJunta/parametrizacion.view.xml": 1654123443072,
  "view/informeJunta/generarInformeJunta.view.xml": 1654123442956,
  "view/informeJunta/comentariosGenerales.view.xml": 1654123442852,
  "view/informeJunta/comentariosAreas.view.xml": 1654123442752,
  "view/informeJunta/cargueInicial.view.xml": 1654123442652,
  "view/PrConso_EstFinancieros/Reportes.view.xml": 1657065882947,
  "view/PrConso_EstFinancieros/MainViewEstFinanciero.view.xml": 1654123444616,
  "view/PrConso_EstFinancieros/Consolidacion.view.xml": 1654123444504,
  "view/PrConso_EstFinancieros/Conciliacion.view.xml": 1656113285483,
  "view/PrConso_EstFinancieros/CargaDatos.view.xml": 1657065882947,
  "view/PrConso_EstFinancieros/Administracion.view.xml": 1656111090617,
  "view/PlaneacionFinanciera/PlaneacionFinancieraJunta.view.xml": 1657073972483,
  "view/PlaneacionFinanciera/PlaneacionFinancieraEva.view.xml": 1657073943766,
  "view/PlaneacionFinanciera/PlaneacionFinanciera.view.xml": 1657063501378,
  "view/Koba/OtrosKobaMm.view.xml": 1657065066802,
  "view/Koba/OtrosKobaFi.view.xml": 1657065066802,
  "view/Koba/OtrosKoba.view.xml": 1657065066798,
  "view/root.view.html": 1654123445016,
  "view/reportesFinancieros.view.xml": 1656113965890,
  "view/mainMenu.view.xml": 1657065066818,
  "view/login.view.html": 1654124356220,
  "view/estadosFinancieros.view.xml": 1656029614444,
  "view/UnlockUser.view.html": 1656547720113,
  "view/Proceso_Consolidacion.view.xml": 1654123444816,
  "view/NotasFinancieros2.view.xml": 1656629727065,
  "view/NotasFinancieros.view.xml": 1654123443988,
  "view/NotasConsolidadas.view.xml": 1656629911786,
  "view/InformesValorem.view.xml": 1654123443568,
  "view/InformesCaracol.view.xml": 1654123443468,
  "view/InformeJunta.view.xml": 1654123443368,
  "view/IndicadoresFinancieros.view.xml": 1654123442552,
  "view/GenerarFinal.view.xml": 1654123442452,
  "view/GenerarConcepto.view.xml": 1654123442352,
  "view/CambiarClave.view.html": 1656550295758,
  "img/valorem_icon.png": 1654123222378,
  "img/carrousel2.png": 1654123221966,
  "img/carrousel.png": 1654123221870,
  "img/analitica_grande.png": 1654123221770,
  "img/analitica.png": 1654123221674,
  "img/LOGOV7.png": 1654123222254,
  "img/LOGOV6.jpg": 1654123222158,
  "img/LOGOV1.jpg": 1654123222062,
  "css/style.css": 1654124312984,
  "index.html": 1654123795171
}