{
  "controller/Proceso_Consolidacion-dbg.controller.js": 1654123619326,
  "controller/CambiarClave.controller.js": 1654124707275,
  "controller/informeJunta/redondeoCifras.controller.js": 1654124707359,
  "controller/informeJunta/parametrizacion.controller.js": 1654124707359,
  "controller/informeJunta/generarInformeJunta.controller.js": 1654124707339,
  "controller/informeJunta/comentariosGenerales.controller.js": 1654124707339,
  "controller/informeJunta/comentariosAreas.controller.js": 1654124707327,
  "controller/informeJunta/cargueInicial.controller.js": 1654124707319,
  "controller/PrConso_EstFinancieros/Reportes.controller.js": 1654124707731,
  "controller/PrConso_EstFinancieros/MainViewEstFinanciero.controller.js": 1654123756571,
  "controller/PrConso_EstFinancieros/Consolidacion.controller.js": 1654124707731,
  "controller/PrConso_EstFinancieros/Conciliacion.controller.js": 1654124707711,
  "controller/PrConso_EstFinancieros/CargaDatos.controller.js": 1654124707707,
  "controller/PrConso_EstFinancieros/Administracion.controller.js": 1654124707455,
  "model/models.js": 1654123222650,
  "controller/root.controller.js": 1654123619334,
  "controller/reportesFinancieros.controller.js": 1654123619326,
  "controller/mainMenu.controller.js": 1654123619298,
  "controller/login.controller.js": 1654124711567,
  "controller/estadosFinancieros.controller.js": 1654124707299,
  "controller/UnlockUser.controller.js": 1654124707731,
  "controller/Proceso_Consolidacion.controller.js": 1654123619326,
  "controller/NotasFinancieros2.controller.js": 1654124707395,
  "controller/NotasFinancieros.controller.js": 1654124707395,
  "controller/NotasConsolidadas.controller.js": 1654124707375,
  "controller/InformesValorem.controller.js": 1654124707367,
  "controller/InformesCaracol.controller.js": 1654123619270,
  "controller/InformeJunta.controller.js": 1654123619270,
  "controller/IndicadoresFinancieros.controller.js": 1654124707307,
  "controller/GenerarFinal.controller.js": 1654124707307,
  "controller/GenerarConcepto.controller.js": 1654124707307,
  "manifest.json": 1654215546866,
  "Component.js": 1654123220210,
  "manifest-bundle.zip": 1654215545644,
  "Component-preload.js": 1654215546590,
  "controller/login-dbg.controller.js": 1654124711567,
  "controller/informeJunta/parametrizacion-dbg.controller.js": 1654124707359,
  "controller/informeJunta/generarInformeJunta-dbg.controller.js": 1654124707339,
  "controller/informeJunta/comentariosGenerales-dbg.controller.js": 1654124707339,
  "controller/informeJunta/comentariosAreas-dbg.controller.js": 1654124707327,
  "controller/informeJunta/cargueInicial-dbg.controller.js": 1654124707319,
  "controller/PrConso_EstFinancieros/Reportes-dbg.controller.js": 1654124707731,
  "controller/PrConso_EstFinancieros/MainViewEstFinanciero-dbg.controller.js": 1654123756571,
  "controller/PrConso_EstFinancieros/Consolidacion-dbg.controller.js": 1654124707731,
  "controller/PrConso_EstFinancieros/Conciliacion-dbg.controller.js": 1654124707711,
  "controller/PrConso_EstFinancieros/CargaDatos-dbg.controller.js": 1654124707707,
  "controller/PrConso_EstFinancieros/Administracion-dbg.controller.js": 1654124707455,
  "model/models-dbg.js": 1654123222650,
  "controller/root-dbg.controller.js": 1654123619334,
  "controller/reportesFinancieros-dbg.controller.js": 1654123619326,
  "controller/mainMenu-dbg.controller.js": 1654123619298,
  "controller/informeJunta/redondeoCifras-dbg.controller.js": 1654124707359,
  "controller/estadosFinancieros-dbg.controller.js": 1654124707299,
  "controller/UnlockUser-dbg.controller.js": 1654124707731,
  "i18n/i18n.properties": 1654124707803,
  "controller/NotasFinancieros2-dbg.controller.js": 1654124707395,
  "controller/NotasFinancieros-dbg.controller.js": 1654124707395,
  "controller/NotasConsolidadas-dbg.controller.js": 1654124707375,
  "controller/InformesValorem-dbg.controller.js": 1654124707367,
  "controller/InformesCaracol-dbg.controller.js": 1654123619270,
  "controller/InformeJunta-dbg.controller.js": 1654123619270,
  "controller/IndicadoresFinancieros-dbg.controller.js": 1654124707307,
  "controller/GenerarFinal-dbg.controller.js": 1654124707307,
  "controller/GenerarConcepto-dbg.controller.js": 1654124707307,
  "controller/CambiarClave-dbg.controller.js": 1654124707275,
  "Component-dbg.js": 1654123220210,
  "resources.json": 1654215546874,
  "view/informeJunta/redondeoCifras.view.xml": 1654123443264,
  "view/informeJunta/parametrizacion.view.xml": 1654123443072,
  "view/informeJunta/generarInformeJunta.view.xml": 1654123442956,
  "view/informeJunta/comentariosGenerales.view.xml": 1654123442852,
  "view/informeJunta/comentariosAreas.view.xml": 1654123442752,
  "view/informeJunta/cargueInicial.view.xml": 1654123442652,
  "view/PrConso_EstFinancieros/Reportes.view.xml": 1654123444720,
  "view/PrConso_EstFinancieros/MainViewEstFinanciero.view.xml": 1654123444616,
  "view/PrConso_EstFinancieros/Consolidacion.view.xml": 1654123444504,
  "view/PrConso_EstFinancieros/Conciliacion.view.xml": 1654123444400,
  "view/PrConso_EstFinancieros/CargaDatos.view.xml": 1654123444300,
  "view/PrConso_EstFinancieros/Administracion.view.xml": 1654123444200,
  "view/root.view.html": 1654123445016,
  "view/reportesFinancieros.view.xml": 1654123444916,
  "view/mainMenu.view.xml": 1654123443768,
  "view/login.view.html": 1654124356220,
  "view/estadosFinancieros.view.xml": 1654123442248,
  "view/UnlockUser.view.html": 1654123445116,
  "view/Proceso_Consolidacion.view.xml": 1654123444816,
  "view/NotasFinancieros2.view.xml": 1654123444100,
  "view/NotasFinancieros.view.xml": 1654123443988,
  "view/NotasConsolidadas.view.xml": 1654123443872,
  "view/InformesValorem.view.xml": 1654123443568,
  "view/InformesCaracol.view.xml": 1654123443468,
  "view/InformeJunta.view.xml": 1654123443368,
  "view/IndicadoresFinancieros.view.xml": 1654123442552,
  "view/GenerarFinal.view.xml": 1654123442452,
  "view/GenerarConcepto.view.xml": 1654123442352,
  "view/CambiarClave.view.html": 1654123442140,
  "img/valorem_icon.png": 1654123222378,
  "img/carrousel2.png": 1654123221966,
  "img/carrousel.png": 1654123221870,
  "img/analitica_grande.png": 1654123221770,
  "img/analitica.png": 1654123221674,
  "img/LOGOV7.png": 1654123222254,
  "img/LOGOV6.jpg": 1654123222158,
  "img/LOGOV1.jpg": 1654123222062,
  "css/style.css": 1654124312984,
  "index.html": 1654123795171
}